student_id,uw_netid,name,premajor,international,omad,activity,assignments,grades
4957955,cuzfge40,Barbara Holbert,0,0,0,-5,-5,-1.4450243700729404
0567598,oilhfj96,Andrew Nisbet,1,0,0,-3,-2.5,-0.06278675054641703
9442095,lmqtga37,Tiffany Bailey,0,0,0,-1,-1,1.5698301045935334
7487432,rrboky42,Donna Potts,1,0,0,0.0154568654,1,0.7624604729094351
1440961,afxfxg88,Steve Smith,1,0,0,1.6894583411297326,0.5,1.7583166949384488
9682104,ssebxr27,Mary Ross,1,0,0,3.9549967837607118,2.1,-1.2719269713695032
2313473,njwcei49,Don Harrison,1,0,0,4.38356201454754313,3.1,1.3584179345902845
9702534,seqpfv93,Christine Funk,1,0,0,5.0,3.5,1.7527631814822477
1441704,xrbpfw60,Phillip Smith,1,0,0,-0.7031276059592297,4.5,3.0151606270419293