student_id,uw_netid,name,premajor,international,omad,activity,assignments,grades
8836412,rsvrzz28,George Berry,1,0,0,1.3440915138847558,1.5,-99
3830726,ogqptd68,Lanny Waters,1,0,0,0.6484168113567526,-0.5,2.2415411276693087
9837968,rzoyup96,John Pereira,1,0,0,1.2183123456362965,-0.5,1.373101704280895
8296197,naccfa51,Elizabeth Childers,1,0,0,-1.2627242358479362,-0.5,-0.5533229115642264
9791077,onpzvt02,Alexander Herrera,1,0,0,1.6156177178661295,-1,1.8482432702587008
2065416,jiovkc67,Timothy Davis,1,0,0,0.4394985735264605,2,-99